{"cameraMode":{"drawMode":0,"name":"Shaded","section":"Shading Mode"},"sceneLighting":false,"audioPlay":false,"sceneViewState":{"m_AlwaysRefresh":false,"showFog":true,"showSkybox":false,"showFlares":true,"showImageEffects":true,"showParticleSystems":true,"showVisualEffectGraphs":true,"m_FxEnabled":true},"in2DMode":false,"pivot":{"x":-0.0003032684326171875,"y":1.5403296947479249,"z":0.06376403570175171},"rotation":{"x":-0.2122264802455902,"y":0.05595676228404045,"z":-0.012173284776508809,"w":-0.9755415916442871},"size":2.2485828399658205,"orthographic":false}