{"cameraMode":{"drawMode":0,"name":"Shaded","section":"Shading Mode"},"sceneLighting":false,"audioPlay":false,"sceneViewState":{"m_AlwaysRefresh":false,"showFog":true,"showSkybox":false,"showFlares":true,"showImageEffects":true,"showParticleSystems":true,"showVisualEffectGraphs":true,"m_FxEnabled":true},"in2DMode":false,"pivot":{"x":0.0005691051483154297,"y":0.010512351989746094,"z":0.0010170936584472657},"rotation":{"x":-0.15552324056625367,"y":0.5788261890411377,"z":-0.11360818892717362,"w":-0.7923805713653565},"size":1.769354224205017,"orthographic":false}