{"cameraMode":{"drawMode":0,"name":"Shaded","section":"Shading Mode"},"sceneLighting":true,"audioPlay":false,"sceneViewState":{"m_AlwaysRefresh":false,"showFog":true,"showSkybox":true,"showFlares":true,"showImageEffects":true,"showParticleSystems":true,"showVisualEffectGraphs":true,"m_FxEnabled":true},"in2DMode":false,"pivot":{"x":12.397294998168946,"y":7.3187713623046879,"z":17.43109130859375},"rotation":{"x":-0.04352746531367302,"y":-0.1103711947798729,"z":0.004838873632252216,"w":-0.9929256439208984},"size":27.34980010986328,"orthographic":false}