{"cameraMode":{"drawMode":0,"name":"Shaded","section":"Shading Mode"},"sceneLighting":false,"audioPlay":false,"sceneViewState":{"m_AlwaysRefresh":false,"showFog":true,"showSkybox":false,"showFlares":true,"showImageEffects":true,"showParticleSystems":true,"showVisualEffectGraphs":true,"m_FxEnabled":true},"in2DMode":false,"pivot":{"x":-1.7314454317092896,"y":0.6247540712356567,"z":0.37063586711883547},"rotation":{"x":-0.15552324056625367,"y":0.5788261890411377,"z":-0.11360818892717362,"w":-0.7923805713653565},"size":3.747117519378662,"orthographic":false}